Tue Mar 18 12:46:09 2025,WH1Z2DE1433)
Tue Mar 18 12:46:24 2025,
Tue Mar 18 12:46:29 2025,WHIZ2DE1
Tue Mar 18 12:46:40 2025,
Tue Mar 18 12:46:41 2025,
Tue Mar 18 12:46:49 2025,MH12DE1433
Tue Mar 18 12:47:00 2025,Les)
Tue Mar 18 12:47:03 2025,
Tue Mar 18 12:47:09 2025,"LD

O
Â«19088"
Tue Mar 18 12:47:10 2025,
Tue Mar 18 12:47:15 2025,tee
Tue Mar 18 12:47:15 2025,"fe,"
Tue Mar 18 12:47:16 2025,
Tue Mar 18 12:47:16 2025,
Tue Mar 18 12:47:16 2025,
Tue Mar 18 12:47:26 2025,
Tue Mar 18 12:47:26 2025,
Tue Mar 18 12:47:27 2025,|
Tue Mar 18 12:47:27 2025,
Tue Mar 18 12:47:28 2025,
Tue Mar 18 12:47:29 2025,
