Tue Mar 18 11:49:19 2025,"MA OMG
—_—_"
Tue Mar 18 11:49:20 2025,"KA709 46622
Te,"
Tue Mar 18 11:49:20 2025,KA70 6599
Tue Mar 18 11:49:20 2025,"1),
K470 4 6627
nT a4"
Tue Mar 18 11:49:21 2025,"S470 4 6527
i OL"
Tue Mar 18 11:49:21 2025,"KA70 KG 520 7046629
wk 470 4 6677"
Tue Mar 18 11:49:21 2025,"Kk704 em

470 4 667
© § 2"
Tue Mar 18 11:49:27 2025,_ ——
Tue Mar 18 11:49:39 2025,KA70 46622!
Tue Mar 18 11:49:39 2025,KA70 46622
Tue Mar 18 11:49:39 2025,KA70 46622
Tue Mar 18 11:49:40 2025,| KA70 466221
Tue Mar 18 11:49:40 2025,KA70 46622
Tue Mar 18 11:49:40 2025,KA70 46622!
Tue Mar 18 11:49:40 2025,KA70 46622
Tue Mar 18 11:49:41 2025,KA70 46622
Tue Mar 18 11:49:41 2025,KA70 46622
Tue Mar 18 11:49:41 2025,$622]
Tue Mar 18 11:49:41 2025,KA70 46622
Tue Mar 18 11:49:42 2025,KA70 46622
Tue Mar 18 11:49:42 2025,KA70 86622
Tue Mar 18 11:49:43 2025,70 46622}
Tue Mar 18 11:49:43 2025,KA70 46622
Tue Mar 18 11:49:43 2025,KA70 46622
Tue Mar 18 11:49:44 2025,KA70 466221
Tue Mar 18 11:49:44 2025,KA70 46622
Tue Mar 18 11:49:44 2025,KA70 4 6622
Tue Mar 18 11:49:44 2025,KA70 46622
Tue Mar 18 11:49:44 2025,KA70 4 6622!
Tue Mar 18 11:49:45 2025,KA70 466221
Tue Mar 18 11:49:45 2025,KATO 46622)
Tue Mar 18 11:49:45 2025,| KA70 46622)
Tue Mar 18 11:49:45 2025,| KATO 46622
Tue Mar 18 11:49:46 2025,KATO 66221
Tue Mar 18 11:49:46 2025,KA70 86622)
Tue Mar 18 11:49:47 2025,KA70 46622
Tue Mar 18 11:49:47 2025,KA70 46622
Tue Mar 18 11:49:47 2025,KATO 46622
Tue Mar 18 11:49:50 2025,“KATO N 6622
Tue Mar 18 11:49:50 2025,“KATO 46622)
Tue Mar 18 11:49:50 2025,“KATO 46622
Tue Mar 18 11:49:50 2025,"ean ween)
KATO 46622"
Tue Mar 18 11:49:51 2025,KATO N O82)
Tue Mar 18 11:49:51 2025,KATO 46622
Tue Mar 18 11:49:51 2025,KATO H 6622
Tue Mar 18 11:49:51 2025,KATO M6622)
Tue Mar 18 11:49:51 2025,f KATO 4 6622
Tue Mar 18 11:49:52 2025,"— an wee
KATO 46622"
Tue Mar 18 11:49:52 2025,“KATO N 6622
Tue Mar 18 11:49:52 2025,"an wee)
KA70 46622"
Tue Mar 18 11:49:52 2025,KATO H6622
Tue Mar 18 11:49:53 2025,"a ee ae
KATO 46622"
Tue Mar 18 11:49:53 2025,; KATO 46622
Tue Mar 18 11:49:53 2025,KATO 46622!
Tue Mar 18 11:49:53 2025,Pik 6622
Tue Mar 18 11:49:53 2025,KATO KATO 46622)
Tue Mar 18 11:49:54 2025,KATO H 6622
Tue Mar 18 11:49:54 2025,KATO 46622
Tue Mar 18 11:49:54 2025,f KATO 46622)
Tue Mar 18 11:49:54 2025,"ea on ww 077)
KATO 46622"
Tue Mar 18 11:49:55 2025,"SS a te ee
“KATO N6622"
Tue Mar 18 11:49:55 2025,KATO 46622
Tue Mar 18 11:49:55 2025,"A704 6622
TON SELL"
Tue Mar 18 11:49:55 2025,KATO 6622]
Tue Mar 18 11:49:56 2025,KATO M6622
Tue Mar 18 11:49:56 2025,"A eh
KATO N 6622"
Tue Mar 18 11:49:56 2025,KATO NB622
Tue Mar 18 11:49:56 2025,PKAT 19 16622
Tue Mar 18 11:49:56 2025,"| eS
KA70 H 0622"
Tue Mar 18 11:49:57 2025,"ee es Fe
KATO NO622"
Tue Mar 18 11:49:57 2025,"en wee
KATO M6822"
Tue Mar 18 11:49:57 2025,"errr enry |
KATO 622"
Tue Mar 18 11:49:57 2025,KATO N 6622
Tue Mar 18 11:49:57 2025,KATO M6622
Tue Mar 18 11:49:58 2025,"nan uct???
KATO M6622"
Tue Mar 18 11:49:58 2025,A704 6622
Tue Mar 18 11:49:58 2025,"ee oa Ce
KATO N 6622)"
Tue Mar 18 11:49:58 2025,KATO M6622
Tue Mar 18 11:49:59 2025,"——- ween
KATO M6622"
Tue Mar 18 11:49:59 2025,KATO H 6622)
Tue Mar 18 11:49:59 2025,KATO N 6622
Tue Mar 18 11:50:09 2025,q
Tue Mar 18 11:50:09 2025,S|
Tue Mar 18 11:50:11 2025,"KA.02

Kd oS"
Tue Mar 18 11:50:14 2025,"———
KA 02
ra 9088"
Tue Mar 18 11:50:16 2025,"fee)

ace
oo
OF
wae)"
Tue Mar 18 11:51:22 2025,"nite aes
mi2deE Less"
Tue Mar 18 11:51:22 2025,"eT |
WHIZ DEAS"
Tue Mar 18 11:51:22 2025,"ee LASS
WNIZDE LESS"
Tue Mar 18 11:51:23 2025,"wert alee
MNTDDE LAS"
Tue Mar 18 11:51:23 2025,"4
MATZ DEAS"
Tue Mar 18 11:51:23 2025,"RT DEAS.
WH CUE"
Tue Mar 18 11:51:23 2025,"|
WnI7 DEVAS"
Tue Mar 18 11:51:24 2025,"=itthiale
ANIZDE LESS"
Tue Mar 18 11:51:25 2025,"wera eel
WNIZDE ASS)"
Tue Mar 18 11:51:25 2025,"were
RNID DE LESS"
Tue Mar 18 11:51:25 2025,ee
Tue Mar 18 11:51:26 2025,"ee Ah
ANTDDE ESS"
Tue Mar 18 11:51:26 2025,"wer tale
ANDES"
Tue Mar 18 11:51:26 2025,"ee
Wni7 DEAS"
Tue Mar 18 11:51:27 2025,riya
Tue Mar 18 11:51:27 2025,"TTL aces)
WNIZDE ASS)"
Tue Mar 18 11:51:28 2025,"eee eel
ANrDDE LASS"
Tue Mar 18 11:55:37 2025,AHI2DE 1499
Tue Mar 18 11:55:37 2025,HHI2DE 1499
Tue Mar 18 11:55:38 2025,AHI2DE 1433
Tue Mar 18 11:55:38 2025,"MU,
MHI2DE 1493"
Tue Mar 18 11:55:38 2025,AHI2DE 1493
Tue Mar 18 11:55:38 2025,HHI2DE 1493
Tue Mar 18 11:55:39 2025,NHI2DE 1433
Tue Mar 18 11:55:39 2025,"Mio, —
HHI2DE 1493"
Tue Mar 18 11:55:39 2025,AH I2DE T4939
Tue Mar 18 11:55:39 2025,MHI2DE 1493
Tue Mar 18 11:55:40 2025,"Non
AHI2DE 1433"
Tue Mar 18 11:55:40 2025,MHIZ2DE 1493
Tue Mar 18 11:55:40 2025,HHI2DE 1493
Tue Mar 18 11:55:40 2025,"'19n-e.
AHI2DE 1493"
Tue Mar 18 11:55:41 2025,AHI2DE 1493
Tue Mar 18 11:55:41 2025,AHI2DE 1433
Tue Mar 18 11:55:41 2025,"(u19, 2
MHI2DE 1433"
Tue Mar 18 11:55:41 2025,MHI2DE 1439
Tue Mar 18 11:55:42 2025,"WT IZTER
HHI2DE 1433"
Tue Mar 18 11:55:42 2025,HHI2DE {493
Tue Mar 18 11:55:42 2025,"NU ,)
HHI20E 1493"
Tue Mar 18 11:55:43 2025,HHIZ2DE 1439
Tue Mar 18 11:55:43 2025,AHI2DE 1433
Tue Mar 18 11:55:43 2025,AH12DE 1493
Tue Mar 18 11:55:43 2025,MHI2DE 1493
Tue Mar 18 11:55:43 2025,MHIZ2DE {433
Tue Mar 18 11:55:44 2025,"NWtone—
MHI2DETa93"
Tue Mar 18 11:57:24 2025,MH12DE1433
Tue Mar 18 12:16:55 2025,WH12DE1433
Tue Mar 18 12:16:56 2025,MH12DE1433
Tue Mar 18 12:18:20 2025,IZ20E1433
Tue Mar 18 12:18:24 2025,HI20E1499
Tue Mar 18 12:18:27 2025,HI20E1433
Tue Mar 18 12:18:28 2025,AI20E1433
Tue Mar 18 12:18:28 2025,AI20E1493
Tue Mar 18 12:18:29 2025,MH12DE1433
Tue Mar 18 12:18:33 2025,HI20E1433
Tue Mar 18 12:18:33 2025,MH12DE1433
Tue Mar 18 12:18:34 2025,WH12DE1432
Tue Mar 18 12:18:34 2025,MH12DE1433
Tue Mar 18 12:18:40 2025,AH12DE1433
Tue Mar 18 12:18:40 2025,HI20E1433
Tue Mar 18 12:18:42 2025,MH12DE1433
Tue Mar 18 12:18:42 2025,NH12DE1433
Tue Mar 18 12:18:43 2025,MH12DE1433
Tue Mar 18 12:18:45 2025,HI12DE1433
Tue Mar 18 12:18:45 2025,MH12DE1433
Tue Mar 18 12:21:16 2025,KA02KJ9088
Tue Mar 18 12:21:16 2025,‘y
Tue Mar 18 12:21:16 2025,>
Tue Mar 18 12:21:16 2025,SS
Tue Mar 18 12:21:17 2025,1
Tue Mar 18 12:21:17 2025,
Tue Mar 18 12:21:17 2025,1
Tue Mar 18 12:21:17 2025,","
Tue Mar 18 12:21:18 2025,
Tue Mar 18 12:21:18 2025,4
Tue Mar 18 12:21:18 2025,wa
Tue Mar 18 12:21:18 2025,)
Tue Mar 18 12:21:18 2025,
Tue Mar 18 12:21:19 2025,\
Tue Mar 18 12:21:19 2025,
Tue Mar 18 12:21:20 2025,\
Tue Mar 18 12:21:20 2025,
Tue Mar 18 12:21:20 2025,y
Tue Mar 18 12:21:20 2025,\
Tue Mar 18 12:21:21 2025,y
Tue Mar 18 12:21:21 2025,\
Tue Mar 18 12:21:22 2025,.
Tue Mar 18 12:21:22 2025,\
Tue Mar 18 12:21:22 2025,=
Tue Mar 18 12:21:22 2025,
Tue Mar 18 12:21:23 2025,\
Tue Mar 18 12:21:23 2025,
Tue Mar 18 12:21:23 2025,.
Tue Mar 18 12:21:23 2025,
Tue Mar 18 12:21:24 2025,)
Tue Mar 18 12:21:24 2025,=
Tue Mar 18 12:21:24 2025,prey
Tue Mar 18 12:21:24 2025,EE
Tue Mar 18 12:21:24 2025,Lo)
Tue Mar 18 12:21:25 2025,| «23058 |
Tue Mar 18 12:21:25 2025,| A )
Tue Mar 18 12:21:25 2025,«33068
Tue Mar 18 12:21:25 2025,«9068
Tue Mar 18 12:21:25 2025,«9058
Tue Mar 18 12:21:26 2025,13 9068
Tue Mar 18 12:21:26 2025,«3 9088
Tue Mar 18 12:21:26 2025,«9058
Tue Mar 18 12:21:26 2025,205s
Tue Mar 18 12:21:26 2025,
Tue Mar 18 12:21:27 2025,PA 9069
Tue Mar 18 12:21:27 2025,358s
Tue Mar 18 12:21:27 2025,4 S069
Tue Mar 18 12:21:27 2025,e088 |
Tue Mar 18 12:21:27 2025,
Tue Mar 18 12:21:28 2025,| KA 68 |
Tue Mar 18 12:21:28 2025,\
Tue Mar 18 12:21:29 2025,|
Tue Mar 18 12:21:29 2025,\
Tue Mar 18 12:21:30 2025,
Tue Mar 18 12:21:31 2025,pe)
Tue Mar 18 12:21:31 2025,Cc)
Tue Mar 18 12:21:31 2025,
Tue Mar 18 12:21:32 2025,a
Tue Mar 18 12:21:32 2025,\
Tue Mar 18 12:21:32 2025,
Tue Mar 18 12:21:32 2025,ae
Tue Mar 18 12:21:32 2025,EA
Tue Mar 18 12:21:33 2025,LEY
Tue Mar 18 12:21:33 2025,pp...
Tue Mar 18 12:21:33 2025,>
Tue Mar 18 12:21:33 2025,)
Tue Mar 18 12:21:33 2025,
Tue Mar 18 12:21:33 2025,1
Tue Mar 18 12:21:34 2025,5
Tue Mar 18 12:21:34 2025,
Tue Mar 18 12:21:34 2025,1
Tue Mar 18 12:21:34 2025,q
Tue Mar 18 12:21:35 2025,
Tue Mar 18 12:21:35 2025,\
Tue Mar 18 12:21:36 2025,‘
Tue Mar 18 12:21:36 2025,\
Tue Mar 18 12:23:22 2025,“Zi
Tue Mar 18 12:23:23 2025,\
Tue Mar 18 12:23:23 2025,y
Tue Mar 18 12:23:23 2025,\
Tue Mar 18 12:23:24 2025,a
Tue Mar 18 12:23:24 2025,|
Tue Mar 18 12:23:24 2025,
Tue Mar 18 12:23:25 2025,| 13 9088 |
Tue Mar 18 12:23:25 2025,EA |
Tue Mar 18 12:23:25 2025,(Ez)
Tue Mar 18 12:23:25 2025,
Tue Mar 18 12:23:26 2025,| saaueel
Tue Mar 18 12:23:26 2025,
Tue Mar 18 12:23:26 2025,| 19058 |
Tue Mar 18 12:23:26 2025,
Tue Mar 18 12:23:27 2025,ae
Tue Mar 18 12:23:27 2025,Co)
Tue Mar 18 12:23:27 2025,
Tue Mar 18 12:23:29 2025,LE)
Tue Mar 18 12:23:30 2025,A
Tue Mar 18 12:23:30 2025,| «3 9068 |
Tue Mar 18 12:23:30 2025,A
Tue Mar 18 12:23:30 2025,
Tue Mar 18 12:23:30 2025,| «$088 |
Tue Mar 18 12:23:31 2025,
Tue Mar 18 12:23:31 2025,LE]
Tue Mar 18 12:23:31 2025,
Tue Mar 18 12:23:32 2025,LEZ)
Tue Mar 18 12:23:32 2025,| 119058 |
Tue Mar 18 12:23:33 2025,[Re |
Tue Mar 18 12:23:33 2025,
Tue Mar 18 12:23:33 2025,R
Tue Mar 18 12:23:34 2025,
Tue Mar 18 12:23:34 2025,(ar
Tue Mar 18 12:23:34 2025,
Tue Mar 18 12:23:35 2025,| Ayy 3
Tue Mar 18 12:23:35 2025,
Tue Mar 18 12:23:35 2025,La)
Tue Mar 18 12:23:35 2025,
Tue Mar 18 12:23:35 2025,Ki 9058
Tue Mar 18 12:23:35 2025,
Tue Mar 18 12:23:36 2025,[rr |
Tue Mar 18 12:23:36 2025,
Tue Mar 18 12:23:37 2025,EA
Tue Mar 18 12:23:37 2025,
Tue Mar 18 12:23:37 2025,Lee)
Tue Mar 18 12:23:37 2025,
Tue Mar 18 12:23:38 2025,| 119058 |
Tue Mar 18 12:23:38 2025,
Tue Mar 18 12:23:38 2025,(Ez)
Tue Mar 18 12:23:39 2025,
Tue Mar 18 12:23:39 2025,\
Tue Mar 18 12:23:39 2025,
Tue Mar 18 12:23:39 2025,R)
Tue Mar 18 12:23:39 2025,Zs
Tue Mar 18 12:23:40 2025,
Tue Mar 18 12:23:40 2025,py
Tue Mar 18 12:23:40 2025,re]
Tue Mar 18 12:23:40 2025,aa
Tue Mar 18 12:23:40 2025,a
Tue Mar 18 12:23:40 2025,pr)
Tue Mar 18 12:23:41 2025,per)
Tue Mar 18 12:23:41 2025,oa
Tue Mar 18 12:23:41 2025,
Tue Mar 18 12:23:41 2025,ann
Tue Mar 18 12:23:41 2025,y
Tue Mar 18 12:23:42 2025,
Tue Mar 18 12:23:42 2025,[Br]
Tue Mar 18 12:23:43 2025,
Tue Mar 18 12:23:43 2025,LE)
Tue Mar 18 12:23:43 2025,
Tue Mar 18 12:23:44 2025,i
Tue Mar 18 12:23:44 2025,\
Tue Mar 18 12:23:44 2025,’
Tue Mar 18 12:23:44 2025,
Tue Mar 18 12:23:45 2025,’™
Tue Mar 18 12:23:45 2025,\
Tue Mar 18 12:23:46 2025,|
Tue Mar 18 12:23:46 2025,i
Tue Mar 18 12:23:47 2025,J
Tue Mar 18 12:23:47 2025,
Tue Mar 18 12:23:47 2025,y.
Tue Mar 18 12:23:47 2025,ee
Tue Mar 18 12:23:47 2025,
Tue Mar 18 12:23:51 2025,wats
Tue Mar 18 12:23:51 2025,
Tue Mar 18 12:23:51 2025,|
Tue Mar 18 12:23:51 2025,
Tue Mar 18 12:23:51 2025,Oo’
Tue Mar 18 12:23:52 2025,é
Tue Mar 18 12:23:52 2025,j
Tue Mar 18 12:23:52 2025,~~
Tue Mar 18 12:23:52 2025,7
Tue Mar 18 12:23:52 2025,se
Tue Mar 18 12:23:53 2025,
Tue Mar 18 12:23:53 2025,My
Tue Mar 18 12:23:54 2025,
Tue Mar 18 12:23:54 2025,p
Tue Mar 18 12:23:54 2025,
Tue Mar 18 12:23:54 2025,“i
Tue Mar 18 12:23:54 2025,\
Tue Mar 18 12:23:55 2025,>
Tue Mar 18 12:23:55 2025,.
Tue Mar 18 12:23:55 2025,\
Tue Mar 18 12:23:56 2025,.
Tue Mar 18 12:23:56 2025,\
Tue Mar 18 12:23:56 2025,.
Tue Mar 18 12:23:56 2025,\
Tue Mar 18 12:23:59 2025,N
Tue Mar 18 12:24:00 2025,x
Tue Mar 18 12:24:00 2025,NX
Tue Mar 18 12:24:00 2025,XN
Tue Mar 18 12:24:00 2025,AWIZ2DE 1833
Tue Mar 18 12:24:00 2025,N
Tue Mar 18 12:24:01 2025,"MHI20E 1493,"
Tue Mar 18 12:24:01 2025,XN
Tue Mar 18 12:24:01 2025,AHI20E 1493
Tue Mar 18 12:24:02 2025,J
Tue Mar 18 12:24:02 2025,
Tue Mar 18 12:24:02 2025,AWI2DE 1439
Tue Mar 18 12:24:02 2025,‘N
Tue Mar 18 12:24:02 2025,N
Tue Mar 18 12:24:02 2025,MHI2DE 1494
Tue Mar 18 12:24:03 2025,AHIZDE{a39
Tue Mar 18 12:24:03 2025,N
Tue Mar 18 12:24:03 2025,FHI20E 1493
Tue Mar 18 12:24:03 2025,}
Tue Mar 18 12:24:03 2025,N
Tue Mar 18 12:24:04 2025,}
Tue Mar 18 12:24:04 2025,‘N
Tue Mar 18 12:24:04 2025,N
Tue Mar 18 12:24:04 2025,MHIZDE 1493
Tue Mar 18 12:24:05 2025,_ —
Tue Mar 18 12:24:05 2025,;“~*
Tue Mar 18 12:24:05 2025,MHIZDE 1433
Tue Mar 18 12:24:05 2025,N
Tue Mar 18 12:24:05 2025,ANI20E 1433
Tue Mar 18 12:24:06 2025,XN
Tue Mar 18 12:24:06 2025,MHI2DET49
Tue Mar 18 12:24:06 2025,MHIZ2DE 1433
Tue Mar 18 12:24:06 2025,WH120E1433
Tue Mar 18 12:24:06 2025,AH12DE 1433)
Tue Mar 18 12:24:07 2025,AH120E 1433]
Tue Mar 18 12:24:07 2025,See
Tue Mar 18 12:24:08 2025,|
Tue Mar 18 12:24:08 2025,y
Tue Mar 18 12:24:08 2025,A
Tue Mar 18 12:24:08 2025,=
Tue Mar 18 12:24:09 2025,N
Tue Mar 18 12:24:09 2025,X
Tue Mar 18 12:24:09 2025,q
Tue Mar 18 12:24:09 2025,MHI2DE 1433
Tue Mar 18 12:24:09 2025,N
Tue Mar 18 12:24:10 2025,MEI20E 1433
Tue Mar 18 12:24:10 2025,Y
Tue Mar 18 12:24:10 2025,N
Tue Mar 18 12:24:11 2025,Y
Tue Mar 18 12:24:11 2025,
Tue Mar 18 12:24:11 2025,AH120E 1433
Tue Mar 18 12:24:11 2025,Y
Tue Mar 18 12:24:11 2025,MHIZDEVa39
Tue Mar 18 12:24:11 2025,X
Tue Mar 18 12:24:12 2025,HI20E1493
Tue Mar 18 12:24:12 2025,N
Tue Mar 18 12:24:12 2025,Y
Tue Mar 18 12:24:13 2025,AH IZ2DE 1433]
Tue Mar 18 12:24:13 2025,Y
Tue Mar 18 12:24:13 2025,AHI2DE 1497
Tue Mar 18 12:24:13 2025,
Tue Mar 18 12:24:13 2025,Y
Tue Mar 18 12:24:14 2025,
Tue Mar 18 12:24:14 2025,MAT2DE TAD
Tue Mar 18 12:24:14 2025,N
Tue Mar 18 12:24:14 2025,X
Tue Mar 18 12:24:14 2025,"—, =."
Tue Mar 18 12:24:14 2025,Y
Tue Mar 18 12:24:15 2025,","
Tue Mar 18 12:24:15 2025,Y
Tue Mar 18 12:24:15 2025,XN
Tue Mar 18 12:24:15 2025,HHI20E 1433
Tue Mar 18 12:24:15 2025,XN
Tue Mar 18 12:24:15 2025,‘N
Tue Mar 18 12:24:16 2025,-
Tue Mar 18 12:24:16 2025,Y
Tue Mar 18 12:24:16 2025,
Tue Mar 18 12:24:16 2025,=
Tue Mar 18 12:24:17 2025,
Tue Mar 18 12:24:17 2025,‘N
Tue Mar 18 12:24:17 2025,WH12DE 1433
Tue Mar 18 12:24:18 2025,MH120E1433
Tue Mar 18 12:24:18 2025,XN
Tue Mar 18 12:24:18 2025,MHI2DE 1433
Tue Mar 18 12:24:18 2025,XN
Tue Mar 18 12:24:18 2025,|
Tue Mar 18 12:24:19 2025,
Tue Mar 18 12:24:19 2025,XN
Tue Mar 18 12:24:19 2025,HI20E1463
Tue Mar 18 12:24:19 2025,MHIZDE1A33
Tue Mar 18 12:24:20 2025,MHIZDE 1433
Tue Mar 18 12:24:20 2025,XY
Tue Mar 18 12:24:20 2025,MHf2DE1433
Tue Mar 18 12:24:20 2025,X
Tue Mar 18 12:24:20 2025,MH120E1433
Tue Mar 18 12:24:21 2025,MH1ZDE 1433
Tue Mar 18 12:24:21 2025,XY
Tue Mar 18 12:24:21 2025,X
Tue Mar 18 12:24:22 2025,WHI2DE1433
Tue Mar 18 12:24:22 2025,MH120E1433
Tue Mar 18 12:24:22 2025,MHI2DE1433
Tue Mar 18 12:24:22 2025,CO OU
Tue Mar 18 12:24:22 2025,ee la
Tue Mar 18 12:24:23 2025,HH12DE1433
Tue Mar 18 12:24:23 2025,MHI2DE 1433
Tue Mar 18 12:24:23 2025,MH12DE 1433.
Tue Mar 18 12:24:24 2025,HI20E1433
Tue Mar 18 12:24:24 2025,XN
Tue Mar 18 12:24:24 2025,HAI2DE1433
Tue Mar 18 12:24:24 2025,WHI2DE1433
Tue Mar 18 12:24:25 2025,MH12DE1433
Tue Mar 18 12:24:25 2025,HH120E1433
Tue Mar 18 12:24:25 2025,HH12DE 1433]
Tue Mar 18 12:24:25 2025,MHI2DE1433
Tue Mar 18 12:24:26 2025,AH12DE143}
Tue Mar 18 12:24:26 2025,MHI20E 1433
Tue Mar 18 12:24:26 2025,x
Tue Mar 18 12:24:26 2025,MH12DE 1433
Tue Mar 18 12:24:27 2025,XN
Tue Mar 18 12:24:27 2025,MH12DE1433
Tue Mar 18 12:24:27 2025,MHIZDE1433
Tue Mar 18 12:24:27 2025,MH12DE1439
Tue Mar 18 12:24:27 2025,XN
Tue Mar 18 12:24:28 2025,x
Tue Mar 18 12:24:28 2025,MHI2DE1433
Tue Mar 18 12:24:28 2025,HI20E1433
Tue Mar 18 12:24:29 2025,MHI2DE1433
Tue Mar 18 12:24:29 2025,
Tue Mar 18 12:24:29 2025,MHI2DE 1433
Tue Mar 18 12:24:29 2025,HH12DE 1433
Tue Mar 18 12:24:29 2025,MHI2DE1433)
Tue Mar 18 12:24:30 2025,"MH120E 1433,"
Tue Mar 18 12:24:30 2025,WHI2DE1433
Tue Mar 18 12:24:30 2025,WH12DE1433
Tue Mar 18 12:24:30 2025,MHI2DE 1433
Tue Mar 18 12:24:30 2025,
Tue Mar 18 12:24:31 2025,MHI2DE 1433
Tue Mar 18 12:24:31 2025,HI20E1433
Tue Mar 18 12:24:31 2025,MHI2DE 1433
Tue Mar 18 12:24:31 2025,HI20E1433
Tue Mar 18 12:24:32 2025,"MHI2DE 1433,"
Tue Mar 18 12:24:32 2025,MHI20E 1433
Tue Mar 18 12:24:32 2025,MHI2DE1433
Tue Mar 18 12:24:32 2025,)
Tue Mar 18 12:24:32 2025,MH I2DE1433
Tue Mar 18 12:24:32 2025,MH12DE1433
Tue Mar 18 12:24:33 2025,MHI2DE1433
Tue Mar 18 12:24:33 2025,
Tue Mar 18 12:24:33 2025,HHI2DE1433
Tue Mar 18 12:24:33 2025,MHI2DE1433
Tue Mar 18 12:24:34 2025,MHIZDE 1433
Tue Mar 18 12:24:34 2025,
Tue Mar 18 12:24:34 2025,"_ "" ¢"
Tue Mar 18 12:24:34 2025,aa
Tue Mar 18 12:24:34 2025,“=
Tue Mar 18 12:24:35 2025,
Tue Mar 18 12:24:35 2025,\
Tue Mar 18 12:24:35 2025,
Tue Mar 18 12:24:36 2025,y
Tue Mar 18 12:24:36 2025,‘
Tue Mar 18 12:24:36 2025,\
Tue Mar 18 12:24:37 2025,4
Tue Mar 18 12:24:37 2025,a
Tue Mar 18 12:24:37 2025,R
Tue Mar 18 12:24:37 2025,
Tue Mar 18 12:24:38 2025,ar]
Tue Mar 18 12:24:38 2025,
Tue Mar 18 12:24:38 2025,(9088
Tue Mar 18 12:24:38 2025,
Tue Mar 18 12:24:39 2025,[ies
Tue Mar 18 12:24:39 2025,
Tue Mar 18 12:24:40 2025,Lr)
Tue Mar 18 12:24:40 2025,
Tue Mar 18 12:24:40 2025,[75]
Tue Mar 18 12:24:41 2025,
Tue Mar 18 12:24:42 2025,[7]
Tue Mar 18 12:24:42 2025,
Tue Mar 18 12:24:47 2025,se)
Tue Mar 18 12:24:48 2025,
Tue Mar 18 12:24:48 2025,4]
Tue Mar 18 12:24:48 2025,y
Tue Mar 18 12:24:49 2025,.
Tue Mar 18 12:24:49 2025,‘N
Tue Mar 18 12:24:49 2025,>
Tue Mar 18 12:24:49 2025,»
Tue Mar 18 12:24:50 2025,.
Tue Mar 18 12:24:50 2025,>
Tue Mar 18 12:24:50 2025,_
Tue Mar 18 12:24:50 2025,>
Tue Mar 18 12:24:50 2025,.
Tue Mar 18 12:24:51 2025,\
Tue Mar 18 12:24:51 2025,‘Zi
Tue Mar 18 12:24:51 2025,“Zi
Tue Mar 18 12:24:51 2025,‘Zi
Tue Mar 18 12:24:51 2025,
Tue Mar 18 12:24:52 2025,‘Zi
Tue Mar 18 12:24:52 2025,“Zi
Tue Mar 18 12:24:52 2025,|
Tue Mar 18 12:24:52 2025,\
Tue Mar 18 12:24:53 2025,","
Tue Mar 18 12:24:53 2025,\
Tue Mar 18 12:24:53 2025,al
Tue Mar 18 12:24:53 2025,|
Tue Mar 18 12:24:53 2025,\
Tue Mar 18 12:24:53 2025,a)
Tue Mar 18 12:24:54 2025,\
Tue Mar 18 12:24:54 2025,al
Tue Mar 18 12:24:54 2025,|
Tue Mar 18 12:24:55 2025,
Tue Mar 18 12:26:18 2025,","
Tue Mar 18 12:26:19 2025,
Tue Mar 18 12:26:19 2025,","
Tue Mar 18 12:26:19 2025,|
Tue Mar 18 12:26:19 2025,'
Tue Mar 18 12:26:19 2025,|
Tue Mar 18 12:26:20 2025,'
Tue Mar 18 12:26:20 2025,
Tue Mar 18 12:26:20 2025,wa
Tue Mar 18 12:26:20 2025,Cy)
Tue Mar 18 12:26:20 2025,| 1s 3068
Tue Mar 18 12:26:21 2025,| £29058
Tue Mar 18 12:26:21 2025,| 12 9058 |
Tue Mar 18 12:26:21 2025,
Tue Mar 18 12:26:22 2025,Ee |
Tue Mar 18 12:26:22 2025,
Tue Mar 18 12:26:22 2025,| 13 9088 |
Tue Mar 18 12:26:22 2025,| «3 9068
Tue Mar 18 12:26:22 2025,
Tue Mar 18 12:26:23 2025,| «3088 |
Tue Mar 18 12:26:23 2025,| 13 2058 |
Tue Mar 18 12:26:23 2025,
Tue Mar 18 12:26:24 2025,[ee |
Tue Mar 18 12:26:24 2025,| 9088 |
Tue Mar 18 12:26:24 2025,
Tue Mar 18 12:26:24 2025,[Ae |
Tue Mar 18 12:26:25 2025,[a |
Tue Mar 18 12:26:25 2025,
Tue Mar 18 12:26:25 2025,| 1 9068 |
Tue Mar 18 12:26:25 2025,
Tue Mar 18 12:26:25 2025,LE]
Tue Mar 18 12:26:26 2025,LEE]
Tue Mar 18 12:26:26 2025,ER )
Tue Mar 18 12:26:26 2025,
Tue Mar 18 12:26:26 2025,Be |
Tue Mar 18 12:26:27 2025,[re |
Tue Mar 18 12:26:27 2025,Loe)
Tue Mar 18 12:26:27 2025,
Tue Mar 18 12:26:27 2025,[Le |
Tue Mar 18 12:26:27 2025,[re |
Tue Mar 18 12:26:28 2025,Le)
Tue Mar 18 12:26:28 2025,
Tue Mar 18 12:26:28 2025,| 9088 |
Tue Mar 18 12:26:28 2025,
Tue Mar 18 12:26:28 2025,ak
Tue Mar 18 12:26:29 2025,
Tue Mar 18 12:26:29 2025,or)
Tue Mar 18 12:26:29 2025,[Pe]
Tue Mar 18 12:26:29 2025,
Tue Mar 18 12:26:30 2025,"A,"
Tue Mar 18 12:26:30 2025,
Tue Mar 18 12:26:31 2025,| 13 9098 |
Tue Mar 18 12:26:32 2025,| c 9088 |
Tue Mar 18 12:26:32 2025,A
Tue Mar 18 12:26:32 2025,
Tue Mar 18 12:26:32 2025,[Fae
Tue Mar 18 12:26:32 2025,
Tue Mar 18 12:26:33 2025,\
Tue Mar 18 12:26:33 2025,Y
Tue Mar 18 12:26:33 2025,>
Tue Mar 18 12:26:33 2025,.
Tue Mar 18 12:26:34 2025,’
Tue Mar 18 12:26:34 2025,\
Tue Mar 18 12:26:34 2025,i
Tue Mar 18 12:26:34 2025,\
Tue Mar 18 12:26:35 2025,_
Tue Mar 18 12:26:35 2025,i
Tue Mar 18 12:26:36 2025,’
Tue Mar 18 12:26:36 2025,
Tue Mar 18 12:26:36 2025,\
Tue Mar 18 12:26:36 2025,™’
Tue Mar 18 12:26:36 2025,ENED
Tue Mar 18 12:26:36 2025,
Tue Mar 18 12:26:37 2025,“3 9088
Tue Mar 18 12:26:37 2025,
Tue Mar 18 12:26:39 2025,wai sb8e
Tue Mar 18 12:26:39 2025,nig 3062
Tue Mar 18 12:26:39 2025,3036
Tue Mar 18 12:26:39 2025,na
Tue Mar 18 12:26:40 2025,
Tue Mar 18 12:26:40 2025,Opes
Tue Mar 18 12:26:40 2025,
Tue Mar 18 12:26:40 2025,Nt 8
Tue Mar 18 12:26:40 2025,(2 9088
Tue Mar 18 12:26:41 2025,
Tue Mar 18 12:26:41 2025,133088
Tue Mar 18 12:26:41 2025,
Tue Mar 18 12:26:41 2025,4139088
Tue Mar 18 12:26:41 2025,
Tue Mar 18 12:26:42 2025,1133088
Tue Mar 18 12:26:42 2025,
Tue Mar 18 12:26:43 2025,«9088
Tue Mar 18 12:26:43 2025,«3 3088
Tue Mar 18 12:26:44 2025,306 8
Tue Mar 18 12:26:44 2025,«9088
Tue Mar 18 12:26:44 2025,
Tue Mar 18 12:26:44 2025,(apse
Tue Mar 18 12:26:44 2025,
Tue Mar 18 12:26:45 2025,113088
Tue Mar 18 12:26:45 2025,
Tue Mar 18 12:26:45 2025,(i spee
Tue Mar 18 12:26:45 2025,‘o0e3
Tue Mar 18 12:26:45 2025,13 9088
Tue Mar 18 12:26:46 2025,
Tue Mar 18 12:26:46 2025,1133088
Tue Mar 18 12:26:46 2025,
Tue Mar 18 12:26:47 2025,9088
Tue Mar 18 12:26:47 2025,1133088
Tue Mar 18 12:26:47 2025,9088
Tue Mar 18 12:26:48 2025,
Tue Mar 18 12:26:48 2025,«3 9068
Tue Mar 18 12:26:48 2025,113088
Tue Mar 18 12:26:48 2025,
Tue Mar 18 12:26:48 2025,11 3088
Tue Mar 18 12:26:49 2025,Mae
Tue Mar 18 12:26:49 2025,
Tue Mar 18 12:26:49 2025,(S088
Tue Mar 18 12:26:49 2025,113088
Tue Mar 18 12:26:49 2025,«i 3088
Tue Mar 18 12:26:50 2025,
Tue Mar 18 12:26:50 2025,1139088
Tue Mar 18 12:26:50 2025,
Tue Mar 18 12:26:50 2025,(spss
Tue Mar 18 12:26:50 2025,4 9088
Tue Mar 18 12:26:51 2025,4133088
Tue Mar 18 12:26:51 2025,
Tue Mar 18 12:26:51 2025,(3068
Tue Mar 18 12:26:51 2025,
Tue Mar 18 12:26:51 2025,(1 9088
Tue Mar 18 12:26:51 2025,«3 3088
Tue Mar 18 12:26:52 2025,
Tue Mar 18 12:26:52 2025,43 3088
Tue Mar 18 12:26:52 2025,
Tue Mar 18 12:26:53 2025,Ais08 8
Tue Mar 18 12:26:53 2025,
Tue Mar 18 12:26:53 2025,5088
Tue Mar 18 12:26:53 2025,«9088
Tue Mar 18 12:26:53 2025,r
Tue Mar 18 12:26:53 2025,d
Tue Mar 18 12:26:54 2025,'’
Tue Mar 18 12:26:54 2025,|
Tue Mar 18 12:26:54 2025,y
Tue Mar 18 12:26:55 2025,Y
Tue Mar 18 12:26:55 2025,a Ss
Tue Mar 18 12:26:55 2025,._
Tue Mar 18 12:26:55 2025,J
Tue Mar 18 12:26:55 2025,
Tue Mar 18 12:26:56 2025,|
Tue Mar 18 12:26:56 2025,}
Tue Mar 18 12:26:56 2025,|
Tue Mar 18 12:26:57 2025,}
Tue Mar 18 12:26:57 2025,|
Tue Mar 18 12:26:58 2025,
Tue Mar 18 12:26:58 2025,","
Tue Mar 18 12:26:58 2025,i
Tue Mar 18 12:26:58 2025,al
Tue Mar 18 12:26:59 2025,MH I2DE 1433
Tue Mar 18 12:26:59 2025,al
Tue Mar 18 12:26:59 2025,a
Tue Mar 18 12:26:59 2025,|
Tue Mar 18 12:26:59 2025,~~
Tue Mar 18 12:26:59 2025,|
Tue Mar 18 12:27:00 2025,MHI2DE1433
Tue Mar 18 12:27:00 2025,
Tue Mar 18 12:27:00 2025,MHIZ2DE 1433
Tue Mar 18 12:27:01 2025,MHI2DE1433
Tue Mar 18 12:27:01 2025,MHIZDE1433
Tue Mar 18 12:27:01 2025,HAI2DE 1433
Tue Mar 18 12:27:01 2025,MH12DE1433
Tue Mar 18 12:27:01 2025,MHIZDE1433
Tue Mar 18 12:27:02 2025,
Tue Mar 18 12:27:02 2025,Fn |
Tue Mar 18 12:27:02 2025,AH12DE1433
Tue Mar 18 12:27:02 2025,
Tue Mar 18 12:27:02 2025,AHI2DE1439
Tue Mar 18 12:27:03 2025,MH12DE1433
Tue Mar 18 12:27:03 2025,AHI2DE 1433
Tue Mar 18 12:27:03 2025,
Tue Mar 18 12:27:03 2025,MH12DE 1433
Tue Mar 18 12:27:04 2025,MHI2DE1439
Tue Mar 18 12:27:04 2025,MHI2DE1433
Tue Mar 18 12:27:04 2025,MHIZ0E1433
Tue Mar 18 12:27:04 2025,MHI2DE1433
Tue Mar 18 12:27:04 2025,HI20E1433
Tue Mar 18 12:27:05 2025,|
Tue Mar 18 12:27:05 2025,MH120E1433
Tue Mar 18 12:27:05 2025,MHI20E 1433
Tue Mar 18 12:27:05 2025,HI20E1433
Tue Mar 18 12:27:05 2025,MHI2DE 1433
Tue Mar 18 12:27:06 2025,
Tue Mar 18 12:27:06 2025,MHI2DE1433
Tue Mar 18 12:27:06 2025,
Tue Mar 18 12:27:06 2025,MHI2DE {433
Tue Mar 18 12:27:06 2025,
Tue Mar 18 12:27:07 2025,WH12DE1433
Tue Mar 18 12:27:07 2025,MH12DE1433
Tue Mar 18 12:27:07 2025,\
Tue Mar 18 12:27:07 2025,|
Tue Mar 18 12:27:08 2025,
Tue Mar 18 12:27:08 2025,\
Tue Mar 18 12:27:09 2025,Zi
Tue Mar 18 12:27:09 2025,“=
Tue Mar 18 12:27:09 2025,\
Tue Mar 18 12:27:09 2025,al
Tue Mar 18 12:27:10 2025,\
Tue Mar 18 12:27:10 2025,“|
Tue Mar 18 12:27:10 2025,\
Tue Mar 18 12:27:10 2025,i
Tue Mar 18 12:27:10 2025,“Zi
Tue Mar 18 12:27:11 2025,\
Tue Mar 18 12:27:11 2025,i
Tue Mar 18 12:27:11 2025,\
Tue Mar 18 12:27:11 2025,y
Tue Mar 18 12:27:12 2025,\
Tue Mar 18 12:27:12 2025,.
Tue Mar 18 12:27:12 2025,\
Tue Mar 18 12:27:12 2025,’!
Tue Mar 18 12:27:12 2025,\
Tue Mar 18 12:28:01 2025,‘a
Tue Mar 18 12:28:01 2025,“=
Tue Mar 18 12:28:02 2025,‘
Tue Mar 18 12:28:02 2025,.
Tue Mar 18 12:28:02 2025,a
Tue Mar 18 12:28:02 2025,
Tue Mar 18 12:28:03 2025,GA
Tue Mar 18 12:28:03 2025,Cy
Tue Mar 18 12:28:03 2025,| 250)
Tue Mar 18 12:28:03 2025,
Tue Mar 18 12:28:03 2025,[rie |
Tue Mar 18 12:28:04 2025,
Tue Mar 18 12:28:04 2025,| 33)
Tue Mar 18 12:28:04 2025,| «2 9068 |
Tue Mar 18 12:28:04 2025,[Re |
Tue Mar 18 12:28:04 2025,
Tue Mar 18 12:28:05 2025,A
Tue Mar 18 12:28:05 2025,
Tue Mar 18 12:28:05 2025,Lz)
Tue Mar 18 12:28:05 2025,
Tue Mar 18 12:28:05 2025,A
Tue Mar 18 12:28:06 2025,| 61 3068 |
Tue Mar 18 12:28:06 2025,A
Tue Mar 18 12:28:06 2025,[er |
Tue Mar 18 12:28:06 2025,
Tue Mar 18 12:28:06 2025,| «3068 |
Tue Mar 18 12:28:07 2025,[Rese )
Tue Mar 18 12:28:07 2025,
Tue Mar 18 12:28:07 2025,La
Tue Mar 18 12:28:07 2025,»
Tue Mar 18 12:28:07 2025,
Tue Mar 18 12:28:08 2025,Ks a
Tue Mar 18 12:28:08 2025,%
Tue Mar 18 12:28:08 2025,
Tue Mar 18 12:28:09 2025,obey |
Tue Mar 18 12:28:09 2025,a
Tue Mar 18 12:28:10 2025,h
Tue Mar 18 12:28:10 2025,
Tue Mar 18 12:28:11 2025,","
Tue Mar 18 12:28:11 2025,
Tue Mar 18 12:28:11 2025,aa
Tue Mar 18 12:28:12 2025,;
Tue Mar 18 12:28:12 2025,y
Tue Mar 18 12:28:12 2025,
Tue Mar 18 12:28:13 2025,36 38
Tue Mar 18 12:28:13 2025,
Tue Mar 18 12:28:13 2025,K aA
Tue Mar 18 12:28:13 2025,
Tue Mar 18 12:28:13 2025,uf $b89
Tue Mar 18 12:28:14 2025,
Tue Mar 18 12:28:14 2025,"uf abe,"
Tue Mar 18 12:28:14 2025,i 3056
Tue Mar 18 12:28:14 2025,
Tue Mar 18 12:28:14 2025,1269
Tue Mar 18 12:28:14 2025,
Tue Mar 18 12:28:15 2025,abs
Tue Mar 18 12:28:15 2025,Ks 3068
Tue Mar 18 12:28:15 2025,K i
Tue Mar 18 12:28:15 2025,K $659
Tue Mar 18 12:28:16 2025,‘babs
Tue Mar 18 12:28:16 2025,
Tue Mar 18 12:28:16 2025,us 3088
Tue Mar 18 12:28:16 2025,~ NS
Tue Mar 18 12:28:16 2025,‘
Tue Mar 18 12:28:16 2025,
Tue Mar 18 12:28:17 2025,. “SE
Tue Mar 18 12:28:17 2025,~
Tue Mar 18 12:28:17 2025,y
Tue Mar 18 12:28:17 2025,PF
Tue Mar 18 12:28:17 2025,oN
Tue Mar 18 12:28:18 2025,aN
Tue Mar 18 12:28:18 2025,Ae
Tue Mar 18 12:28:18 2025,|
Tue Mar 18 12:28:18 2025,‘N
Tue Mar 18 12:28:18 2025,wz
Tue Mar 18 12:28:19 2025,s
Tue Mar 18 12:28:19 2025,e
Tue Mar 18 12:28:19 2025,q
Tue Mar 18 12:28:19 2025,>
Tue Mar 18 12:28:19 2025,rs
Tue Mar 18 12:28:20 2025,—
Tue Mar 18 12:28:20 2025,y
Tue Mar 18 12:28:20 2025,
Tue Mar 18 12:28:20 2025,—
Tue Mar 18 12:28:21 2025,y
Tue Mar 18 12:28:21 2025,Sy
Tue Mar 18 12:28:21 2025,>
Tue Mar 18 12:28:21 2025,}
Tue Mar 18 12:28:21 2025,(
Tue Mar 18 12:28:21 2025,.
Tue Mar 18 12:28:22 2025,iN
Tue Mar 18 12:28:22 2025,~~
Tue Mar 18 12:28:22 2025,wa
Tue Mar 18 12:28:22 2025,y
Tue Mar 18 12:28:23 2025,
Tue Mar 18 12:28:23 2025,A
Tue Mar 18 12:28:23 2025,rN
Tue Mar 18 12:28:23 2025,»
Tue Mar 18 12:28:23 2025,
Tue Mar 18 12:28:24 2025,A
Tue Mar 18 12:28:25 2025,iN
Tue Mar 18 12:28:26 2025,|
Tue Mar 18 12:28:26 2025,dM
Tue Mar 18 12:28:26 2025,rN
Tue Mar 18 12:28:26 2025,|
Tue Mar 18 12:28:27 2025,Ab
Tue Mar 18 12:28:27 2025,N
Tue Mar 18 12:28:28 2025,OX
Tue Mar 18 12:28:28 2025,Y
Tue Mar 18 12:28:28 2025,w
Tue Mar 18 12:28:28 2025,ie
Tue Mar 18 12:28:29 2025,Fi
Tue Mar 18 12:28:29 2025,
Tue Mar 18 12:28:29 2025,Fi
Tue Mar 18 12:28:30 2025,>
Tue Mar 18 12:28:30 2025,N
Tue Mar 18 12:28:30 2025,XN
Tue Mar 18 12:28:31 2025,N
Tue Mar 18 12:28:31 2025,.
Tue Mar 18 12:28:31 2025,N
Tue Mar 18 12:28:31 2025,aa
Tue Mar 18 12:28:31 2025,ia
Tue Mar 18 12:28:32 2025,le
Tue Mar 18 12:28:32 2025,y
Tue Mar 18 12:28:32 2025,yD
Tue Mar 18 12:28:32 2025,fa
Tue Mar 18 12:28:32 2025,> UU
Tue Mar 18 12:28:33 2025,","
Tue Mar 18 12:28:33 2025,NX
Tue Mar 18 12:28:33 2025,X
Tue Mar 18 12:28:33 2025,L
Tue Mar 18 12:28:33 2025,Y
Tue Mar 18 12:28:34 2025,A
Tue Mar 18 12:28:34 2025,Y
Tue Mar 18 12:28:34 2025,ww
Tue Mar 18 12:28:34 2025,~
Tue Mar 18 12:28:35 2025,N
Tue Mar 18 12:28:35 2025,“|
Tue Mar 18 12:28:35 2025,>
Tue Mar 18 12:28:35 2025,\
Tue Mar 18 12:28:35 2025,“)
Tue Mar 18 12:28:36 2025,‘
Tue Mar 18 12:28:36 2025,“ae
Tue Mar 18 12:28:36 2025,“in
Tue Mar 18 12:28:36 2025,~~
Tue Mar 18 12:28:36 2025,\
Tue Mar 18 12:33:25 2025,MH12DE1433
Tue Mar 18 12:33:27 2025,HH12DE1433
Tue Mar 18 12:33:27 2025,WH12DE1433
Tue Mar 18 12:33:29 2025,MH12DE1433
Tue Mar 18 12:33:29 2025,MH12BE1433
Tue Mar 18 12:49:46 2025,KA02KJ9088 (Green Number Plate)
Tue Mar 18 12:49:56 2025,KA02KJ9088 (Green Number Plate)
Tue Mar 18 12:50:03 2025,KA02KJ9088 (Green Number Plate)
Tue Mar 18 12:50:12 2025,KA02KJ9088 (Green Number Plate)
Tue Mar 18 12:50:19 2025,KA02KJ9088 (Green Number Plate)
Tue Mar 18 12:50:20 2025,MH12DE1433
Tue Mar 18 12:50:20 2025,HH12DE1433.
Tue Mar 18 12:55:35 2025,KA02KJ9088 (Green Number Plate)
Tue Mar 18 12:55:50 2025,KA02KJ9088 (Green Number Plate)
Tue Mar 18 12:56:03 2025,KA02KJ9088 (Green Number Plate)
Tue Mar 18 12:56:50 2025,KA02KJ9088 (Green Number Plate)
Tue Mar 18 12:59:04 2025,KA02KJ9088 (Green Number Plate)
Tue Mar 18 13:06:13 2025,ANTTDE SSS
Tue Mar 18 13:06:29 2025,HH12DE1433
Tue Mar 18 13:06:33 2025,MH12DE1433
Tue Mar 18 13:06:46 2025,
Tue Mar 18 13:06:47 2025,
Tue Mar 18 13:06:48 2025,
Tue Mar 18 13:06:48 2025,
